{"cameraMode":{"drawMode":0,"name":"Shaded","section":"Shading Mode"},"sceneLighting":false,"audioPlay":false,"sceneViewState":{"m_AlwaysRefresh":false,"showFog":true,"showSkybox":false,"showFlares":true,"showImageEffects":true,"showParticleSystems":true,"showVisualEffectGraphs":true,"m_FxEnabled":true},"in2DMode":false,"pivot":{"x":0.7054713368415833,"y":3.0535073280334474,"z":-1.0505578517913819},"rotation":{"x":0.0020453783217817547,"y":0.6496291756629944,"z":0.0017480681417509914,"w":-0.7602497339248657},"size":0.7693076133728027,"orthographic":false}