{"cameraMode":{"drawMode":0,"name":"Shaded","section":"Shading Mode"},"sceneLighting":false,"audioPlay":false,"sceneViewState":{"m_AlwaysRefresh":false,"showFog":true,"showSkybox":false,"showFlares":true,"showImageEffects":true,"showParticleSystems":true,"showVisualEffectGraphs":true,"m_FxEnabled":true},"in2DMode":false,"pivot":{"x":0.6363520622253418,"y":3.102440357208252,"z":-1.7137986421585084},"rotation":{"x":0.026431497186422349,"y":-0.7087293863296509,"z":0.02658947929739952,"w":0.7044884562492371},"size":3.9874625205993654,"orthographic":false}