{"cameraMode":{"drawMode":0,"name":"Shaded","section":"Shading Mode"},"sceneLighting":false,"audioPlay":false,"sceneViewState":{"m_AlwaysRefresh":false,"showFog":true,"showSkybox":false,"showFlares":true,"showImageEffects":true,"showParticleSystems":true,"showVisualEffectGraphs":true,"m_FxEnabled":true},"in2DMode":false,"pivot":{"x":0.7300000190734863,"y":0.38999998569488528,"z":1.399999976158142},"rotation":{"x":-0.041098278015851977,"y":0.8420061469078064,"z":-0.06480051577091217,"w":-0.5340083837509155},"size":1.6263456344604493,"orthographic":false}