{"cameraMode":{"drawMode":0,"name":"Shaded","section":"Shading Mode"},"sceneLighting":true,"audioPlay":false,"sceneViewState":{"m_AlwaysRefresh":false,"showFog":true,"showSkybox":false,"showFlares":true,"showImageEffects":true,"showParticleSystems":true,"showVisualEffectGraphs":true,"m_FxEnabled":true},"in2DMode":false,"pivot":{"x":-4.2238593101501469,"y":1.809999942779541,"z":-0.27696871757507326},"rotation":{"x":-0.05618623271584511,"y":0.5576587319374085,"z":-0.03787126764655113,"w":-0.8273168206214905},"size":3.6373064517974855,"orthographic":false}