{"cameraMode":{"drawMode":0,"name":"Shaded","section":"Shading Mode"},"sceneLighting":false,"audioPlay":false,"sceneViewState":{"m_AlwaysRefresh":false,"showFog":true,"showSkybox":false,"showFlares":true,"showImageEffects":true,"showParticleSystems":true,"showVisualEffectGraphs":true,"m_FxEnabled":true},"in2DMode":false,"pivot":{"x":0.37122678756713869,"y":2.3348124027252199,"z":-1.0300968885421754},"rotation":{"x":0.00022898960742168128,"y":0.6705896258354187,"z":-0.0002078083489323035,"w":0.7418428659439087},"size":1.9441063404083253,"orthographic":false}