{"cameraMode":{"drawMode":0,"name":"Shaded","section":"Shading Mode"},"sceneLighting":false,"audioPlay":false,"sceneViewState":{"m_AlwaysRefresh":false,"showFog":true,"showSkybox":false,"showFlares":true,"showImageEffects":true,"showParticleSystems":true,"showVisualEffectGraphs":true,"m_FxEnabled":true},"in2DMode":false,"pivot":{"x":-0.09049582481384278,"y":-0.2836451530456543,"z":1.5058646202087403},"rotation":{"x":-0.13845399022102357,"y":0.6176963448524475,"z":-0.11164316534996033,"w":-0.7660439610481262},"size":1.8702647686004639,"orthographic":false}