{"cameraMode":{"drawMode":0,"name":"Shaded","section":"Shading Mode"},"sceneLighting":false,"audioPlay":false,"sceneViewState":{"m_AlwaysRefresh":false,"showFog":true,"showSkybox":false,"showFlares":true,"showImageEffects":true,"showParticleSystems":true,"showVisualEffectGraphs":true,"m_FxEnabled":true},"in2DMode":false,"pivot":{"x":0.746017336845398,"y":3.0107719898223879,"z":0.42936795949935915},"rotation":{"x":0.07244812697172165,"y":0.6489352583885193,"z":0.06229295954108238,"w":-0.754837155342102},"size":0.6761109828948975,"orthographic":false}