{"cameraMode":{"drawMode":0,"name":"Shaded","section":"Shading Mode"},"sceneLighting":false,"audioPlay":false,"sceneViewState":{"m_AlwaysRefresh":false,"showFog":true,"showSkybox":false,"showFlares":true,"showImageEffects":true,"showParticleSystems":true,"showVisualEffectGraphs":true,"m_FxEnabled":true},"in2DMode":false,"pivot":{"x":0.6628707051277161,"y":3.0405848026275636,"z":-1.3123464584350587},"rotation":{"x":-0.08278399705886841,"y":0.7020404934883118,"z":-0.08273719996213913,"w":-0.7024620175361633},"size":0.03470420092344284,"orthographic":false}