{"cameraMode":{"drawMode":0,"name":"Shaded","section":"Shading Mode"},"sceneLighting":false,"audioPlay":false,"sceneViewState":{"m_AlwaysRefresh":false,"showFog":true,"showSkybox":false,"showFlares":true,"showImageEffects":true,"showParticleSystems":true,"showVisualEffectGraphs":true,"m_FxEnabled":true},"in2DMode":false,"pivot":{"x":0.06272536516189575,"y":2.8422610759735109,"z":-0.7900687456130981},"rotation":{"x":0.037976086139678958,"y":0.5682422518730164,"z":0.026266276836395265,"w":-0.8215762376785278},"size":1.1048922538757325,"orthographic":false}