{"cameraMode":{"drawMode":0,"name":"Shaded","section":"Shading Mode"},"sceneLighting":false,"audioPlay":false,"sceneViewState":{"m_AlwaysRefresh":false,"showFog":true,"showSkybox":false,"showFlares":true,"showImageEffects":true,"showParticleSystems":true,"showVisualEffectGraphs":true,"m_FxEnabled":true},"in2DMode":false,"pivot":{"x":-2.8511486053466799,"y":21.483980178833009,"z":4.5279998779296879},"rotation":{"x":0.057693470269441608,"y":0.7211397290229797,"z":0.06049302965402603,"w":-0.6877413392066956},"size":36.65898895263672,"orthographic":false}