{"cameraMode":{"drawMode":0,"name":"Shaded","section":"Shading Mode"},"sceneLighting":false,"audioPlay":false,"sceneViewState":{"m_AlwaysRefresh":false,"showFog":true,"showSkybox":false,"showFlares":true,"showImageEffects":true,"showParticleSystems":true,"showVisualEffectGraphs":true,"m_FxEnabled":true},"in2DMode":false,"pivot":{"x":1.2756848335266114,"y":9.242308616638184,"z":4.463367462158203},"rotation":{"x":0.037976086139678958,"y":0.5682422518730164,"z":0.026266276836395265,"w":-0.8215762376785278},"size":45.23408508300781,"orthographic":false}