{"cameraMode":{"drawMode":0,"name":"Shaded","section":"Shading Mode"},"sceneLighting":false,"audioPlay":false,"sceneViewState":{"m_AlwaysRefresh":false,"showFog":true,"showSkybox":false,"showFlares":true,"showImageEffects":true,"showParticleSystems":true,"showVisualEffectGraphs":true,"m_FxEnabled":true},"in2DMode":false,"pivot":{"x":-23.1250057220459,"y":3.324899196624756,"z":13.109861373901368},"rotation":{"x":0.011480700224637986,"y":0.49362635612487795,"z":0.006495435256510973,"w":-0.8695972561836243},"size":25.209699630737306,"orthographic":false}