{"cameraMode":{"drawMode":0,"name":"Shaded","section":"Shading Mode"},"sceneLighting":true,"audioPlay":false,"sceneViewState":{"m_AlwaysRefresh":false,"showFog":true,"showSkybox":true,"showFlares":true,"showImageEffects":true,"showParticleSystems":true,"showVisualEffectGraphs":true,"m_FxEnabled":true},"in2DMode":false,"pivot":{"x":0.7604764103889465,"y":3.215212821960449,"z":0.025438576936721803},"rotation":{"x":-0.022668758407235147,"y":0.7584397196769714,"z":-0.026407498866319658,"w":-0.6508386731147766},"size":2.262737989425659,"orthographic":false}