{"cameraMode":{"drawMode":0,"name":"Shaded","section":"Shading Mode"},"sceneLighting":true,"audioPlay":false,"sceneViewState":{"m_AlwaysRefresh":false,"showFog":true,"showSkybox":true,"showFlares":true,"showImageEffects":true,"showParticleSystems":true,"showVisualEffectGraphs":true,"m_FxEnabled":true},"in2DMode":false,"pivot":{"x":0.09624385833740235,"y":1.7725683450698853,"z":-0.7700599431991577},"rotation":{"x":-0.10846792161464691,"y":0.7146894335746765,"z":-0.11372451484203339,"w":-0.6815844178199768},"size":2.4086599349975588,"orthographic":false}