{"cameraMode":{"drawMode":0,"name":"Shaded","section":"Shading Mode"},"sceneLighting":false,"audioPlay":false,"sceneViewState":{"m_AlwaysRefresh":false,"showFog":true,"showSkybox":false,"showFlares":true,"showImageEffects":true,"showParticleSystems":true,"showVisualEffectGraphs":true,"m_FxEnabled":true},"in2DMode":false,"pivot":{"x":-1.1406776905059815,"y":3.461836814880371,"z":-0.9942232370376587},"rotation":{"x":-0.10323597490787506,"y":0.39616984128952029,"z":-0.044884681701660159,"w":-0.9112606048583984},"size":1.0217331647872925,"orthographic":false}