{"cameraMode":{"drawMode":0,"name":"Shaded","section":"Shading Mode"},"sceneLighting":true,"audioPlay":false,"sceneViewState":{"m_AlwaysRefresh":false,"showFog":true,"showSkybox":true,"showFlares":true,"showImageEffects":true,"showParticleSystems":true,"showVisualEffectGraphs":true,"m_FxEnabled":true},"in2DMode":false,"pivot":{"x":0.18701493740081788,"y":3.656738758087158,"z":-0.26859551668167117},"rotation":{"x":-0.041098278015851977,"y":0.8420061469078064,"z":-0.06480051577091217,"w":-0.5340083837509155},"size":1.2646178007125855,"orthographic":false}