{"cameraMode":{"drawMode":0,"name":"Shaded","section":"Shading Mode"},"sceneLighting":false,"audioPlay":false,"sceneViewState":{"m_AlwaysRefresh":false,"showFog":true,"showSkybox":false,"showFlares":true,"showImageEffects":true,"showParticleSystems":true,"showVisualEffectGraphs":true,"m_FxEnabled":true},"in2DMode":false,"pivot":{"x":11.955453872680664,"y":3.4888713359832765,"z":-14.889190673828125},"rotation":{"x":-0.08876276016235352,"y":0.7736946940422058,"z":-0.11125653237104416,"w":-0.6173928380012512},"size":1.7602308988571168,"orthographic":false}